{
  "type": "datasource",
  "name": "QDP Datasource",
  "id": "qdp-datasource",
  "metrics": true,
  "info": {
    "description": "Grafana Datasource Plugin for QDP",
    "author": {
      "name": "Batenburg Bellt",
      "url": ""
    },
    "keywords": [],
    "logos": {
      "small": "img/logo.svg",
      "large": "img/logo.svg"
    },
    "links": [],
    "screenshots": [],
    "version": "1.0.0",
    "updated": "2024-03-28"
  },
  "dependencies": {
    "grafanaVersion": ">=8.0.0",
    "plugins": []
  },
  "routes": [
    {
      "path": "qdp-api",
      "url": "{{ .JsonData.serverURL }}"
    }
  ]
}
