{
  "$schema": "https://raw.githubusercontent.com/grafana/grafana/main/docs/sources/developers/plugins/plugin.schema.json",
  "type": "datasource",
  "name": "Qdp",
  "id": "bellt-qdp-datasource",
  "metrics": true,
  "info": {
    "description": "Grafana datasource plugin for qdp",
    "author": {
      "name": "Bellt"
    },
    "keywords": ["datasource"],
    "logos": {
      "small": "img/logo.svg",
      "large": "img/logo.svg"
    },
    "links": [],
    "screenshots": [],
    "version": "1.0.0",
    "updated": "2024-04-19"
  },
  "dependencies": {
    "grafanaDependency": ">=10.3.3",
    "plugins": []
  },
  "routes": [
    {
      "path": "qdp-api",
      "url": "{{ .JsonData.baseURL }}",
      "headers": [
        {
          "name": "Content-Type",
          "content": "application/json"
        }
      ]
    }
  ]
}
